step,system_total_stopped,system_total_waiting_time,system_mean_waiting_time,system_mean_speed,1_stopped,1_accumulated_waiting_time,1_average_speed,2_stopped,2_accumulated_waiting_time,2_average_speed,5_stopped,5_accumulated_waiting_time,5_average_speed,6_stopped,6_accumulated_waiting_time,6_average_speed,agents_total_stopped,agents_total_accumulated_waiting_time
5.0,0,0.0,0.0,11.798111272013259,0,0.0,0.9865316813957923,0,0.0,1.0,0,0.0,0.9600892803873052,0,0.0,1.0,0,0.0
10.0,0,0.0,0.0,12.139501220394953,0,0.0,0.9568563197931287,0,0.0,0.9568066803263825,0,0.0,0.9574657433917211,0,0.0,1.0,0,0.0
15.0,0,0.0,0.0,10.788650050915775,0,0.0,0.9526963726492677,0,0.0,0.9851926649234383,0,0.0,0.773074118674901,0,0.0,1.0,0,0.0
20.0,2,5.0,0.7142857142857143,6.826951036068148,0,0.0,0.04274510751743403,0,0.0,0.9570389512502473,2,5.0,0.4969744790369725,0,0.0,1.0,2,5.0
25.0,3,19.0,1.9,8.589214840713,1,4.0,0.4728606834563091,0,0.0,0.9662083174061792,2,15.0,0.6448954231607783,0,0.0,0.9585528113693517,3,19.0
30.0,3,34.0,3.090909090909091,8.580692414949496,1,9.0,0.5536125423589259,0,0.0,0.987329094993629,2,25.0,0.5239906713626619,0,0.0,0.9840049085446079,3,34.0
35.0,5,54.0,4.5,4.770559659654679,2,17.0,0.338708298512864,0,0.0,1.0,3,37.0,0.07372235757607272,0,0.0,0.9620927613530263,5,54.0
40.0,7,81.0,4.764705882352941,6.0308748786935125,2,21.0,0.5067072934930189,0,0.0,0.9607416718802435,5,60.0,0.15970419587879928,0,0.0,0.9636148152850977,7,81.0
45.0,7,116.0,5.523809523809524,7.203439003570065,2,31.0,0.5318519756430853,0,0.0,0.9234483874132184,5,87.0,0.3437963257353891,0,0.0,1.0,7,118.0
50.0,10,160.0,7.619047619047619,5.116632087644784,3,46.0,0.3975439975130623,0,0.0,0.9154790010591801,7,114.0,0.0008230419407539811,0,0.0,0.9856017668658701,10,160.0
55.0,13,218.0,9.909090909090908,4.637745354645461,6,69.0,0.2246952196877432,0,0.0,0.9535152243753731,7,149.0,0.12355738788622171,0,0.0,0.889899689511678,13,218.0
60.0,14,288.0,13.090909090909092,3.9617001097474116,7,104.0,0.07618112335012113,0,0.0,1.0,7,184.0,0.21862579829594653,0,0.0,0.9020147196906872,14,288.0
65.0,16,362.0,16.454545454545453,2.400678996414395,9,143.0,0.09642910908686132,0,0.0,1.0,7,219.0,0.028374959194454968,0,0.0,0.9154790010591801,16,362.0
70.0,17,446.0,17.84,3.7872253259915523,9,188.0,0.21381027622136217,0,0.0,1.0,8,258.0,0.0,0,0.0,1.0,17,446.0
75.0,18,533.0,22.208333333333332,2.9828618278149577,10,235.0,0.06829130754215587,0,0.0,0.925107155321526,8,298.0,0.07730879503705305,0,0.0,1.0,18,533.0
80.0,18,623.0,25.958333333333332,3.3792179593714025,10,285.0,0.0,0,0.0,0.9187861187335363,8,338.0,0.25326529953480004,0,0.0,1.0,18,623.0
85.0,18,713.0,27.423076923076923,3.5755936261499985,10,335.0,0.27077360097881453,0,0.0,1.0,8,378.0,0.1290440160510093,0,0.0,0.9377827654579507,18,713.0
90.0,16,640.0,22.857142857142858,4.415123190819626,7,313.0,0.390504757581537,0,0.0,1.0,9,421.0,5.9566417815745345e-06,0,0.0,0.9566076830615139,16,734.0
95.0,12,520.0,17.333333333333332,4.937643907124157,3,240.0,0.32438334120605933,0,2.0,0.9353577168691783,9,466.0,0.0990626674787068,0,0.0,1.0,12,708.0
100.0,10,514.0,17.724137931034484,3.575166257784715,1,250.0,0.2694628227669632,0,2.0,0.8682956864763275,9,511.0,0.016605210332174235,0,0.0,1.0,10,763.0
105.0,15,581.0,19.366666666666667,3.351473073854163,4,264.0,0.22497846129525784,1,4.0,0.49537905162074963,10,562.0,0.21799422416725703,0,0.0,1.0,15,830.0
110.0,20,673.0,20.393939393939394,3.3664772977235633,7,295.0,0.16125221541302903,3,16.0,0.3684040471761657,10,612.0,0.2883434230859006,0,0.0,1.0,20,923.0
115.0,24,786.0,21.243243243243242,3.1836374020397944,11,343.0,0.11430351932674264,3,31.0,0.3284034702376738,10,660.0,0.2430574001173465,0,0.0,1.0,24,1034.0
120.0,27,912.0,23.384615384615383,2.8344683881810933,13,405.0,0.17074701732337502,3,46.0,0.2846957348870557,11,711.0,0.10172255556559667,0,0.0,1.0,27,1162.0
125.0,30,1055.0,27.05128205128205,2.306451272033187,13,470.0,0.10631658300437956,3,61.0,0.0,14,774.0,0.0011578337894390764,0,2.0,0.9724576632560499,30,1307.0
130.0,30,1194.0,29.85,2.4425038241815353,15,542.0,0.14004570070704025,3,76.0,0.0,12,836.0,0.08718200497796004,0,2.0,0.9437885113352508,30,1456.0
135.0,31,1346.0,32.04761904761905,2.6960025430392003,16,619.0,0.009869805595287905,3,91.0,0.39147004709409805,12,886.0,0.07508805281065437,0,0.0,0.8439504391152327,31,1596.0
140.0,31,1494.0,34.74418604651163,2.900812352068685,16,693.0,0.010424804306107241,3,106.0,0.3075147133324141,12,946.0,0.07405773689807646,0,0.0,1.0,31,1745.0
145.0,33,1652.0,36.71111111111111,2.2071791110628003,17,773.0,0.005287941715432192,4,123.0,0.16416868990960085,12,1008.0,0.11998551909301051,0,0.0,1.0,33,1904.0
150.0,34,1701.0,41.48780487804878,1.535817571394162,19,866.0,6.523842114724776e-05,2,96.0,0.267007309845913,13,1073.0,0.1135710356288295,0,0.0,1.0,34,2035.0
155.0,34,1871.0,45.63414634146341,1.5305789666084941,19,961.0,0.0,2,22.0,0.009229553124933126,13,1136.0,0.08300338946357005,0,0.0,1.0,34,2119.0
160.0,33,2010.0,49.02439024390244,1.7247218075347144,19,1056.0,0.0,0,17.0,0.09715702553721137,14,1202.0,0.00027716817131796903,0,0.0,1.0,33,2275.0
165.0,33,2175.0,53.048780487804876,2.5651591478041356,19,1151.0,0.08685130557956863,0,0.0,1.0,14,1272.0,0.0,0,2.0,0.9144962424307559,33,2425.0
170.0,33,2340.0,61.578947368421055,1.8524521525749176,19,1246.0,0.08611715561617055,0,0.0,1.0,14,1342.0,0.0,0,2.0,0.9441769931874496,33,2590.0
175.0,33,2505.0,62.625,2.385500527262059,19,1341.0,0.049163665197151936,0,0.0,1.0,14,1412.0,0.15498745090230584,0,0.0,0.890333861573687,33,2753.0
180.0,31,2430.0,60.75,2.3558933674224654,16,1310.0,0.069683163641544,0,0.0,1.0,15,1484.0,0.10246110173709495,0,0.0,1.0,31,2794.0
185.0,27,2194.0,53.51219512195122,3.053983054573886,12,1144.0,0.0801602331753827,0,2.0,0.9055624232179027,15,1559.0,0.04701905595694905,0,0.0,1.0,27,2705.0
190.0,25,2022.0,47.02325581395349,3.270240557267585,9,1190.0,0.13121216333153887,0,2.0,0.9146745370370386,16,1635.0,0.04622470030315812,0,0.0,1.0,25,2827.0
195.0,23,1835.0,41.70454545454545,2.9126659849517647,6,1225.0,0.18031496596804303,0,0.0,0.6816246314573092,17,1720.0,0.05746791542374812,0,0.0,1.0,23,2945.0
200.0,27,1859.0,43.23255813953488,1.80642391814279,8,1258.0,0.16915632282601234,1,1.0,0.15275687732282736,18,1809.0,0.051274858511560585,0,0.0,1.0,27,3068.0
205.0,31,2007.0,44.6,2.1258211794618043,11,1307.0,0.03653217714291792,2,10.0,0.00034444120422857114,18,1897.0,0.050794927992844505,0,2.0,0.9262622039269662,31,3216.0
210.0,33,2153.0,47.84444444444444,2.199324745896389,15,1373.0,0.007501017619700661,0,7.0,0.25478464664863776,18,1987.0,0.09106742661312572,0,2.0,0.9708727131172408,33,3369.0
215.0,37,2324.0,49.4468085106383,2.2864804468370674,18,1455.0,0.048806819646649124,0,0.0,1.0,19,2079.0,0.0746723754805827,0,0.0,0.9436790620786222,37,3534.0
220.0,38,2514.0,52.375,2.3975520072589354,19,1550.0,0.09457097687207361,0,0.0,0.9630923826640112,19,2174.0,0.015531159785788822,0,0.0,1.0,38,3724.0
225.0,38,2704.0,58.78260869565217,2.1816346879307864,19,1645.0,0.047785864086304364,0,0.0,0.9548415913881064,19,2269.0,0.0,0,0.0,1.0,38,3914.0
230.0,32,2150.0,45.744680851063826,2.629392028970344,16,1579.0,0.04091086662361465,0,0.0,0.8541214110745841,16,2148.0,0.07161081073214007,0,0.0,0.9862364923408858,32,3727.0
235.0,24,1180.0,25.652173913043477,3.7840832952644567,12,1356.0,0.0825141444824002,1,4.0,0.7015875701627473,11,1807.0,0.13653384453274348,0,2.0,0.9381916844306406,24,3169.0
240.0,16,617.0,13.127659574468085,4.2074064490437,8,1269.0,0.1541891260267762,0,2.0,0.5849767448120756,8,1655.0,0.11551626170244629,0,2.0,0.8978801296156087,16,2928.0
245.0,16,237.0,4.74,4.2199310728936625,7,1307.0,0.16024605279303133,1,3.0,0.6001114442215996,7,1692.0,0.11353500596492272,1,5.0,0.49931853888133704,16,3007.0
250.0,19,104.0,2.0,3.6943436126516804,7,1325.0,0.18574245875745068,2,10.0,0.4280962184186632,7,1722.0,0.11129203684821418,3,16.0,0.44081603165910305,19,3073.0
255.0,28,229.0,4.089285714285714,3.3183837990478797,10,1368.0,0.11028295305017381,4,29.0,0.44083442861932115,10,1767.0,0.17174781880447132,4,34.0,0.3764049917479899,28,3198.0
260.0,33,383.0,6.383333333333334,3.333954454401133,13,1427.0,0.07015042792005727,4,49.0,0.40907499611709275,12,1822.0,0.1357569726188207,4,54.0,0.33199667657173215,33,3352.0
265.0,41,573.0,9.39344262295082,2.598998518625275,17,1506.0,0.05031215436544214,4,69.0,0.2214560021578108,16,1892.0,0.050426815716390065,4,74.0,0.4154778335327851,41,3541.0
270.0,49,805.0,13.19672131147541,2.224948672642928,19,1600.0,0.028096335861050065,7,99.0,0.09599986717967336,19,1980.0,0.0002073122992197343,4,94.0,0.3292194185782578,49,3773.0
275.0,47,931.0,16.051724137931036,1.170210838329934,20,1697.0,3.429080480088432e-05,5,123.0,0.048766697923233564,16,1842.0,0.01861147509552043,6,119.0,0.0018945828387525675,47,3781.0
280.0,41,994.0,17.137931034482758,2.5438817674987955,19,1790.0,4.2696541272258475e-07,4,131.0,0.259054580028572,11,1474.0,0.07796365813473141,7,158.0,0.37996919400944473,41,3553.0
285.0,35,1047.0,18.36842105263158,2.8956151551038545,19,1885.0,0.08581196771185336,4,149.0,0.19129596681843036,8,1321.0,0.15783610799973644,4,177.0,0.4397569796365746,35,3532.0
290.0,35,1121.0,19.32758620689655,2.531386864364674,19,1980.0,0.122439549946678,4,169.0,0.1951837946756673,6,1353.0,0.15834528522234853,6,181.0,0.12001370801841796,35,3683.0
295.0,34,1202.0,20.372881355932204,3.047525377870631,19,2075.0,0.14134144628226575,4,189.0,0.0,3,1188.0,0.13168551020436278,8,218.0,0.1758329467445214,34,3670.0
300.0,33,1354.0,21.838709677419356,3.2993947074221044,19,2170.0,0.1295319316267467,4,209.0,0.1880302791925651,2,877.0,0.14243779100387394,8,260.0,0.246596222192474,33,3516.0
305.0,33,1505.0,24.672131147540984,2.7274776665370037,19,2265.0,0.1282564862377693,4,229.0,0.18422354047950104,2,876.0,0.23128053184491884,8,300.0,0.10633863846080711,33,3670.0
310.0,38,1681.0,28.016666666666666,2.330346037600994,19,2360.0,0.04819981420171301,4,249.0,0.0,4,889.0,0.25721005968958793,11,350.0,0.08253713733078792,38,3848.0
315.0,35,1455.0,24.25,2.5173000723456536,16,2265.0,0.08272339839967514,1,193.0,0.11936204358926543,7,918.0,0.22802176687047257,11,405.0,0.07976477721991274,35,3781.0
320.0,33,1208.0,19.80327868852459,3.32032198685103,12,1787.0,0.1408544994260378,0,66.0,0.7937103910586185,10,963.0,0.12104796451704829,11,460.0,0.031808552545939665,33,3276.0
325.0,34,1105.0,17.822580645161292,3.195439503401069,8,1830.0,0.16458118025406412,0,2.0,0.859425857339805,14,1028.0,0.01177234027241867,12,519.0,0.0,34,3379.0
330.0,34,1002.0,16.7,2.8005836142515195,6,1860.0,0.10777452204856873,0,2.0,0.5345923995918129,17,1110.0,0.08523257242010145,11,570.0,0.0,34,3542.0
335.0,40,990.0,17.678571428571427,1.9745508143127632,7,1889.0,0.10391161282321706,3,10.0,0.32324048644132186,19,1204.0,0.12190306942697647,11,625.0,0.0,40,3728.0
340.0,40,920.0,15.081967213114755,1.9806442696266766,9,1931.0,0.1855223960676888,4,30.0,0.16020733761089936,19,1297.0,0.049359133950793645,8,579.0,0.02809686923225655,40,3837.0
345.0,37,700.0,11.290322580645162,2.525723614776948,13,1990.0,0.18229437933325637,4,50.0,0.17790311100275516,17,1201.0,0.009659069680961179,3,421.0,0.14192509828225058,37,3662.0
350.0,32,574.0,8.696969696969697,3.707064855672403,15,2062.0,0.2005127716003928,4,70.0,0.191960621310982,12,959.0,0.1170555731513086,1,432.0,0.36931956738507865,32,3523.0
355.0,32,534.0,8.476190476190476,3.045635010140232,19,2150.0,0.14805012544621168,1,61.0,0.2493462071643905,8,999.0,0.2145221708698479,4,448.0,0.23589830878501547,32,3658.0
360.0,36,549.0,8.578125,3.0654290418603383,20,2247.0,0.1402479320794533,1,1.0,0.0011274633190291082,8,1035.0,0.19903294512016562,7,476.0,0.021755152031158034,36,3759.0
365.0,41,641.0,9.567164179104477,3.186919854259772,22,2352.0,0.09241218901631322,0,0.0,0.98617488004737,8,1069.0,0.1481386369009898,11,525.0,0.0003711184812764043,41,3946.0
370.0,41,774.0,11.382352941176471,2.735747468806066,22,2455.0,0.1112070004975332,0,0.0,0.9181285756485308,11,1117.0,0.03219580864010519,8,467.0,0.12001373699614497,41,4039.0
375.0,37,881.0,13.348484848484848,3.0481044046460477,19,2541.0,0.1410463537354729,0,0.0,0.9562542048941469,15,1190.0,0.0792759834133101,3,346.0,0.28385580974168373,37,4077.0
380.0,35,950.0,13.970588235294118,3.791700770285545,19,2625.0,0.13249801550709764,0,0.0,1.0,16,1118.0,0.19104694041067077,0,278.0,0.4605005982723963,35,4021.0
385.0,36,1027.0,15.56060606060606,3.672055469270821,19,2720.0,0.125584158801153,0,0.0,0.9639628395111743,14,916.0,0.19453532663576667,3,290.0,0.4060904676003907,36,3926.0
390.0,35,904.0,13.907692307692308,2.5966169318808308,17,2568.0,0.03696609326135133,0,0.0,0.7980073336510246,11,826.0,0.13165345183464436,7,316.0,0.21952660069402227,35,3710.0
395.0,31,687.0,10.904761904761905,2.6108618129477175,14,2174.0,0.08181730156963753,0,2.0,0.8979964696483126,7,842.0,0.12332716926168748,10,359.0,0.005488210769600648,31,3377.0
400.0,26,528.0,8.0,4.4180073396787165,8,1998.0,0.1704594956979419,0,2.0,0.8816837140483414,6,858.0,0.17180296558145938,12,418.0,0.07086885456779181,26,3276.0
405.0,27,377.0,5.712121212121212,4.339666727451121,6,2017.0,0.2101543017168074,1,3.0,0.4821090789770332,9,896.0,0.2699246753676229,11,466.0,0.14809597616845824,27,3382.0
410.0,33,420.0,6.461538461538462,3.4856130878538854,6,2043.0,0.17278162213871825,3,13.0,0.15535579177710584,13,949.0,0.1788284564956701,11,521.0,0.075511154871527,33,3526.0
415.0,39,478.0,7.029411764705882,3.0221913068450363,8,1851.0,0.16942946270661585,6,38.0,0.13619881971448827,16,1020.0,0.12659328908056489,9,472.0,0.022630396454261993,39,3381.0
420.0,36,468.0,6.882352941176471,3.444542862251772,8,1448.0,0.1764834689864341,4,58.0,0.3572546551606036,20,1112.0,0.11109452215752373,4,328.0,0.14433732312859007,36,2946.0
425.0,35,514.0,7.6716417910447765,3.397829487576411,7,1481.0,0.1759880744286409,4,74.0,0.4243058730794425,21,1215.0,0.11230187567725337,3,343.0,0.2758359201952653,35,3113.0
430.0,38,654.0,9.761194029850746,2.58591793381173,7,1515.0,0.13923114996311028,5,96.0,0.12525166425007858,20,1314.0,0.18480747913208775,6,364.0,0.2438142759924055,38,3289.0
435.0,44,825.0,12.313432835820896,2.1515827111151027,7,1548.0,0.12612192828989433,7,130.0,0.11471955379982292,22,1414.0,0.1401982373257327,8,382.0,0.11737778874038254,44,3474.0
440.0,50,1063.0,15.632352941176471,2.002706332772216,11,1594.0,0.06254987138737873,7,165.0,0.09487810038952564,24,1529.0,0.03314696795286571,8,420.0,3.270011152627482e-06,50,3708.0
445.0,54,1326.0,19.791044776119403,1.4742636995923284,14,1658.0,0.01241474602383572,7,200.0,0.0,25,1653.0,1.833257798261769e-06,8,460.0,0.06950145126439579,54,3971.0
450.0,57,1601.0,23.544117647058822,1.404110228275749,17,1734.0,0.002012210581227472,7,235.0,0.0,25,1778.0,0.07211374605105059,8,500.0,0.11071407953663705,57,4247.0
455.0,59,1893.0,28.681818181818183,1.2196351542885024,19,1826.0,8.611260238021313e-05,7,270.0,0.0,25,1905.0,0.1643146380248461,8,540.0,0.10395943158780444,59,4541.0
460.0,58,2084.0,30.647058823529413,1.0492560563695807,16,1661.0,0.011904867496446543,7,305.0,0.0,27,2034.0,0.11886405018294566,8,580.0,0.0,58,4580.0
465.0,56,2219.0,31.7,1.2928483214525357,11,1332.0,0.04956139271630614,7,342.0,0.19609410933611646,30,2176.0,0.04683424773277519,8,620.0,0.0,56,4470.0
470.0,53,2244.0,30.73972602739726,1.3099422640899854,8,1376.0,0.08582741711909538,7,377.0,0.19274275288319406,33,2333.0,0.025408591236743206,5,524.0,0.03632795989470027,53,4610.0
475.0,53,2165.0,28.866666666666667,1.5748066527402638,7,1409.0,0.1680143757190713,10,420.0,0.16046470078919797,36,2506.0,0.0031480631111909796,0,360.0,0.25908946037140346,53,4695.0
480.0,54,2378.0,31.289473684210527,1.813534402954977,7,1439.0,0.1706681262381805,10,470.0,0.1640948301695123,37,2689.0,2.1971132436408276e-05,0,275.0,0.35698940391108314,54,4873.0
485.0,59,2666.0,34.62337662337662,1.2366112643581955,10,1484.0,0.04122315582653281,10,520.0,0.08328507566741038,37,2874.0,0.0477249964033419,2,283.0,0.18970157422560702,59,5161.0
490.0,60,2749.0,36.171052631578945,0.9505717508947048,10,1328.0,0.030307600061182736,12,574.0,0.07410948744054062,34,2991.0,0.05634757285617092,4,303.0,0.18333778317838934,60,5196.0
495.0,55,2734.0,34.607594936708864,2.12569238404909,10,1021.0,0.2637872634398605,10,626.0,0.20246628739884567,31,3040.0,0.04278002377473202,4,323.0,0.0,55,5010.0
500.0,52,2788.0,34.41975308641975,2.4145936299340547,9,1068.0,0.2841575479747049,11,674.0,0.1437338331791273,28,3181.0,0.039969794956643274,4,345.0,0.3093563190873846,52,5268.0
505.0,52,2874.0,35.048780487804876,2.5840737770187006,9,1110.0,0.13061066142138109,13,736.0,0.18047710540572492,26,3313.0,0.06454850654211598,4,365.0,0.41434357307343506,52,5524.0
510.0,53,3022.0,36.40963855421687,2.212447178931774,8,1148.0,0.12707704255083585,15,806.0,0.10052778098853354,26,3441.0,0.0845287629646367,4,383.0,0.3845512597952186,53,5778.0
515.0,61,3314.0,38.98823529411764,1.6110929395814608,11,1199.0,0.06604884598873323,16,885.0,0.0953867386707986,30,3583.0,0.042771805494682,4,403.0,0.19520901797742068,61,6070.0
520.0,67,3530.0,40.11363636363637,1.465308936390592,17,1269.0,0.05318473301264602,16,965.0,0.06067198574786821,33,3743.0,0.004816399837241503,1,308.0,0.2060772376215089,67,6285.0
525.0,75,3843.0,44.68604651162791,1.44841349296601,19,1351.0,0.046987645294973915,18,1053.0,0.05109549082097583,37,3921.0,0.0002125437736688198,1,103.0,0.19324454659217932,75,6428.0
530.0,73,4197.0,51.18292682926829,0.9699472285643949,19,1446.0,3.107794198747928e-05,16,1131.0,0.02548994181260374,37,4108.0,0.05023065252095059,1,105.0,0.0004064180697718239,73,6790.0
535.0,70,4453.0,53.65060240963855,1.5590082794896298,16,1324.0,0.06689671984318304,16,1205.0,0.058823529411764705,37,4293.0,0.046658873027360936,1,112.0,0.5533621966902966,70,6934.0
540.0,66,4627.0,55.74698795180723,1.518158030913802,11,1182.0,0.1475132738994346,17,1288.0,0.10349969339957898,37,4476.0,0.015959209600122776,1,117.0,0.5684258205205039,66,7063.0
545.0,67,4840.0,58.31325301204819,1.5617218157937043,11,1237.0,0.14725515609405485,18,1375.0,0.051778222840636476,37,4661.0,0.0,1,122.0,0.5139513754524866,67,7395.0
550.0,63,4555.0,53.588235294117645,1.6696664981534923,8,1284.0,0.0956424067136334,18,1465.0,0.09947480429889542,34,4567.0,0.03585151932390852,3,130.0,0.33685823483205907,63,7446.0
555.0,59,4028.0,47.95238095238095,1.7452301658925118,10,1329.0,0.08880852399571874,18,1555.0,0.09235216411548836,30,4255.0,0.08296540283636082,1,138.0,0.49364282537579796,59,7277.0
560.0,59,3566.0,41.95294117647059,1.7258389200069923,14,1390.0,0.013541491614967517,19,1647.0,0.03606291224715181,25,4158.0,0.07109518626695417,1,137.0,0.6657204352488698,59,7332.0
565.0,62,3266.0,37.54022988505747,1.5992704431412346,18,1468.0,0.0012288798207129034,18,1735.0,0.06191169886192387,25,4284.0,0.04880666217614506,1,142.0,0.18931402671975306,62,7629.0
570.0,66,3288.0,37.793103448275865,1.6775688287101216,19,1561.0,8.481443624514921e-05,18,1825.0,0.04858923744115171,25,4408.0,0.07238170984701653,4,158.0,0.27546450026277514,66,7952.0
575.0,71,3634.0,43.26190476190476,0.8196802039204089,19,1656.0,1.107638622094997e-06,18,1915.0,0.0021788137085636218,29,4545.0,0.05008474393399142,5,182.0,0.25693446941892245,71,8298.0
580.0,76,3999.0,47.04705882352941,0.3905280026801196,19,1751.0,0.04967772195701199,19,2010.0,0.04791063097784267,32,4695.0,0.0067399795974347225,6,208.0,0.015453482675458857,76,8664.0
585.0,77,4295.0,50.529411764705884,0.4447982122428181,19,1846.0,0.04788408519587846,19,2105.0,0.02557140674966567,35,4862.0,0.0008941434678814155,4,78.0,0.07228051704166293,77,8891.0
590.0,75,4099.0,47.66279069767442,1.0680937311368277,19,1941.0,0.0,17,2011.0,0.06446308141841142,37,5046.0,0.02480630871580553,2,53.0,0.17625429663341097,75,9051.0
595.0,67,3544.0,40.735632183908045,1.7097449739225334,19,2036.0,0.0,12,1719.0,0.11630583248564255,34,4963.0,0.036538260749290424,2,48.0,0.08304913272218169,67,8766.0
600.0,59,3237.0,37.206896551724135,2.311567668546623,19,2131.0,0.0,8,1745.0,0.22390893814096455,30,4652.0,0.0355016036065502,2,49.0,0.4556231156202016,59,8577.0
605.0,54,2968.0,35.333333333333336,2.2459918496957294,19,2226.0,0.0,5,1765.0,0.2399409069072894,28,4795.0,0.034264707063823105,2,61.0,0.5925276055217549,54,8847.0
610.0,55,3051.0,37.207317073170735,1.6319168871720966,19,2321.0,0.04992100050838128,8,1797.0,0.17060542953781854,25,4926.0,0.034369162966270475,3,72.0,0.39375302563496384,55,9116.0
615.0,59,3086.0,37.18072289156626,1.5661053314422226,16,2200.0,0.11407404650751077,12,1848.0,0.008684101115066364,26,5055.0,0.032754951753790035,5,93.0,0.3556836081505549,59,9196.0
620.0,61,3041.0,35.77647058823529,1.7054308017223694,11,1847.0,0.11335294815838338,15,1920.0,0.07693916349053453,30,5197.0,0.02546463656277338,5,118.0,0.33910894786288504,61,9082.0
625.0,64,3022.0,35.976190476190474,1.0099809795368402,12,1902.0,0.07046023224020474,17,1999.0,0.053780100310016475,32,5351.0,0.0025479680285499648,3,91.0,0.1326864790463471,64,9343.0
630.0,61,2864.0,33.694117647058825,1.483254013184306,7,1941.0,0.1422388238465726,15,1873.0,0.07033294528409391,37,5530.0,0.00032766549114974163,2,38.0,0.16989688043872242,61,9382.0
635.0,57,2886.0,34.357142857142854,2.13864762887244,8,1970.0,0.1334071572089761,11,1554.0,0.09935844045903537,37,5717.0,0.05079353470470612,1,39.0,0.08064842923729369,57,9280.0
640.0,58,3069.0,36.975903614457835,1.654236970227207,12,2023.0,0.038692476432421165,7,1590.0,0.08601769674476203,37,5902.0,0.04940182142319084,2,42.0,3.01099657469585e-05,58,9557.0
645.0,61,3270.0,39.397590361445786,1.7737779988978206,16,2094.0,0.06058107755148014,6,1621.0,0.13477769697016273,37,6085.0,0.0,2,54.0,0.40151017308722137,61,9854.0
650.0,62,3405.0,41.024096385542165,1.4691602593722162,19,2184.0,0.04595938893698622,7,1653.0,0.19478910750664458,34,5985.0,0.006293838441140675,2,64.0,0.47455398555170925,62,9886.0
655.0,62,3541.0,43.18292682926829,1.4668095272125872,19,2267.0,0.026422680495217808,10,1699.0,0.10321694780038906,31,5600.0,0.031113074258302693,2,74.0,0.4239364902764571,62,9640.0
660.0,63,3660.0,45.18518518518518,2.1001806430321817,19,2362.0,5.944789273036055e-07,15,1763.0,0.09116128324102589,26,4973.0,0.10829332439905055,3,89.0,0.5917266514850854,63,9187.0
665.0,53,3569.0,44.6125,1.8317768106796315,16,2205.0,0.022855271555310128,12,1620.0,0.0952427107495548,22,5090.0,0.13113429360597606,3,95.0,0.30113737027062565,53,9010.0
670.0,49,3476.0,42.91358024691358,2.366336324667238,11,1894.0,0.11316038907141471,9,1159.0,0.08653240471571264,23,5198.0,0.07857356514945155,6,119.0,0.015381634255608278,49,8370.0
675.0,47,3452.0,41.095238095238095,2.500724278712076,7,1937.0,0.17912145569782317,6,1193.0,0.12440970831292396,26,5320.0,0.05150038345021328,8,156.0,0.0002209545047489278,47,8606.0
680.0,42,3357.0,40.9390243902439,1.8180045297650802,7,1972.0,0.16835109795663208,4,1216.0,0.12166303144760456,26,5206.0,0.03971847970841944,5,132.0,0.18840911468945323,42,8526.0
685.0,40,3369.0,42.1125,2.167865592141747,9,2007.0,0.11360020991998387,7,1242.0,0.09545853919093182,24,4637.0,0.03385161089357558,0,70.0,0.5270151706673527,40,7956.0
690.0,45,3537.0,42.107142857142854,1.7590133444444527,10,2050.0,0.08773187952287426,9,1282.0,0.02162742915988135,24,4756.0,0.04727611471804103,2,77.0,0.3553266050454635,45,8165.0
695.0,55,3779.0,45.53012048192771,1.4308461181896153,14,2114.0,0.09797380979319473,12,1338.0,0.0024970276281994614,24,4880.0,0.09408151957824201,5,94.0,0.09638986876306294,55,8426.0
700.0,66,4078.0,49.13253012048193,1.242469940082012,18,2196.0,0.04658760903738601,14,1407.0,7.646922263618064e-05,26,5003.0,0.12276108794824826,8,126.0,0.0017428226184436377,66,8732.0
705.0,67,4332.0,50.96470588235294,1.2618216505563449,16,2071.0,0.06267264767623418,14,1477.0,0.0,28,5137.0,0.07176254467416604,9,170.0,3.5146058923297694e-06,67,8855.0
710.0,66,4540.0,52.7906976744186,1.2603015981352983,12,1731.0,0.12423576087526292,14,1549.0,0.035876898350877484,31,5286.0,0.03433297259605335,9,215.0,0.0,66,8781.0
715.0,67,4782.0,56.258823529411764,0.9612432124010688,9,1780.0,0.1741320729190231,15,1621.0,0.002414391637704372,34,5454.0,0.0009680243263052851,9,260.0,0.0,67,9115.0
720.0,72,5040.0,60.72289156626506,0.6607837780871396,9,1822.0,0.1673808640470202,17,1705.0,4.177628271163841e-06,37,5633.0,3.6683329441672524e-05,9,305.0,0.0,72,9465.0
725.0,69,5214.0,62.07142857142857,0.7082836928358492,8,1848.0,0.10251690678180958,17,1790.0,0.05555555555555555,35,5557.0,0.01047914595718428,9,350.0,0.0,69,9545.0
730.0,64,5246.0,59.61363636363637,1.677745771010344,11,1899.0,0.08226817778186782,14,1666.0,0.11848276699933269,30,5269.0,0.09749462784530995,9,397.0,0.2060883588365021,64,9231.0
735.0,59,5147.0,57.18888888888889,2.07212949337824,12,1747.0,0.11112251451636078,9,1331.0,0.18948671790709767,27,5407.0,0.11408849534834602,11,445.0,0.0526800381099094,59,8930.0
740.0,57,5041.0,53.62765957446808,2.10859734764282,12,1806.0,0.11650580936039236,8,1374.0,0.2236516091089679,24,5530.0,0.0959977608567562,13,504.0,0.0004154170721407843,57,9214.0
745.0,57,5073.0,53.4,2.1640035315210087,12,1864.0,0.18267667685365457,6,1407.0,0.1903908122278995,26,5655.0,0.04880411483351088,13,569.0,0.1579570480318324,57,9495.0
750.0,60,5260.0,54.791666666666664,2.175934349052152,10,1915.0,0.15182463759392947,7,1437.0,0.11952305866454078,30,5800.0,0.07561160222603437,13,634.0,0.22814407028403458,60,9786.0
755.0,67,5547.0,57.18556701030928,1.8491526165457266,11,1966.0,0.06765060728116323,12,1487.0,0.07119791090160028,31,5945.0,0.09933895247367105,13,699.0,0.06699076695799679,67,10097.0
760.0,72,5841.0,60.21649484536083,1.8725954503013338,11,1797.0,0.08047330301145915,14,1548.0,0.060069060052577825,34,6109.0,0.06919175372058643,13,764.0,0.0,72,10218.0
765.0,76,6139.0,64.62105263157895,1.703246352621551,11,1457.0,0.12148023313847853,15,1625.0,0.03817887065847635,37,6288.0,0.02436846253058373,13,831.0,0.12709724779040593,76,10201.0
770.0,73,5637.0,61.27173913043478,1.2314511211346084,9,1505.0,0.10494125783221302,17,1706.0,0.0007859611795919321,34,6142.0,0.0030449567519040617,13,896.0,0.12356159055211237,73,10249.0
775.0,70,4881.0,54.233333333333334,1.0434552415125475,8,1549.0,0.15049971895012124,18,1796.0,0.0,31,5661.0,0.02285852890577669,13,959.0,0.0,70,9965.0
780.0,67,4113.0,45.7,1.3572465184407045,8,1572.0,0.203589682255742,18,1886.0,0.05243499157810023,28,5804.0,0.04176781829743672,13,1024.0,0.0,67,10286.0
785.0,65,2840.0,30.869565217391305,1.245881192865538,12,1617.0,0.07601861352649705,18,1976.0,0.050692652012840726,25,5938.0,0.08039194561387232,10,972.0,0.034800309955288156,65,10503.0
790.0,65,1802.0,19.170212765957448,1.6841175641572943,18,1695.0,0.08972866034957035,16,1823.0,0.10677914613827813,26,6063.0,0.08246536043326548,5,792.0,0.1510029955474838,65,10373.0
795.0,64,1624.0,16.916666666666668,2.065331158897789,21,1797.0,0.11104572511147301,12,1423.0,0.1721474042005077,30,6204.0,0.014352496601548864,1,696.0,0.3496121785615746,64,10120.0
800.0,62,1708.0,17.978947368421053,2.0224859886917645,22,1907.0,0.07634818572548517,6,1254.0,0.18824012419055677,31,6355.0,0.01179544428616258,3,706.0,0.3110768126893301,62,10222.0
805.0,69,1842.0,19.806451612903224,1.547819574968685,22,2017.0,0.03390914143004763,5,1281.0,0.17406353677138628,35,6523.0,0.04650446736782294,7,735.0,0.1900588689541522,69,10556.0
810.0,77,2173.0,23.619565217391305,1.2133227927196915,23,2129.0,6.136323228364346e-06,7,1308.0,0.1286462631737832,35,6698.0,0.048750779119688115,12,787.0,0.18612897395204142,77,10922.0
815.0,76,2474.0,27.488888888888887,0.692404660294657,19,2202.0,0.013031272409012322,10,1353.0,0.054281375811810965,35,6873.0,0.006100839509103261,12,845.0,0.06687321200863038,76,11273.0
820.0,81,2872.0,31.91111111111111,0.642916023838861,19,2245.0,0.0,13,1414.0,0.034104898850268704,37,7058.0,0.02332175529536923,12,905.0,6.41970242697229e-07,81,11622.0
825.0,77,3034.0,32.623655913978496,1.3346096227485802,16,2085.0,0.07068550924150939,17,1481.0,0.1405792320508006,35,7231.0,0.03148667200630028,9,940.0,0.04014067097401633,77,11737.0
830.0,74,3157.0,34.31521739130435,1.7039188678473114,12,2153.0,0.12073347167228743,18,1570.0,0.1309111829372825,35,7398.0,0.0,9,952.0,0.09855613497687721,74,12073.0
835.0,71,3230.0,35.108695652173914,1.4906734629866183,12,2215.0,0.07103850737331416,15,1425.0,0.06430339395992933,35,7573.0,0.0,9,997.0,0.06785165953671998,71,12210.0
840.0,62,2923.0,33.21590909090909,1.439458888627763,10,2266.0,0.06959388852805289,13,1168.0,0.06892102265297889,32,7381.0,0.03950580076588147,7,891.0,0.03951461795895657,62,11706.0
845.0,50,2480.0,28.181818181818183,2.5519315853150095,11,2318.0,0.17181538660820142,10,1226.0,0.11806435324626763,27,6454.0,0.07322651027242692,2,646.0,0.1780409079046609,50,10644.0
850.0,47,2291.0,26.333333333333332,2.7574401964277846,15,2383.0,0.2022936763731485,9,1275.0,0.15596626595442337,22,6574.0,0.07793414853179037,1,509.0,0.25515347097788055,47,10741.0
855.0,51,2317.0,26.632183908045977,2.1177450451732778,18,2464.0,0.0665876926164674,8,1301.0,0.14676779561551984,22,6686.0,0.0868466787726183,3,519.0,0.012969692681163306,51,10970.0
860.0,57,2578.0,29.632183908045977,2.278155866054468,19,2559.0,0.10594000437449773,11,1318.0,0.14659792509577674,25,6806.0,0.059897589433177696,2,402.0,0.45943622655113087,57,11085.0
865.0,63,2871.0,33.77647058823529,2.326361213335838,19,2654.0,0.1223325539336216,15,1386.0,0.056304588071038865,29,6944.0,0.0021816350231921564,0,98.0,0.8135792271841056,63,11082.0
870.0,71,3208.0,36.45454545454545,2.2632637686910253,21,2754.0,0.1533539519706659,18,1469.0,0.0003586866656009649,31,7097.0,4.284553134110432e-05,1,97.0,0.5744490189160905,71,11417.0
875.0,69,3476.0,40.89411764705882,1.8107943092923446,22,2864.0,0.08933836351548868,15,1361.0,0.011645358670439473,31,7252.0,1.0842398527752305e-06,1,102.0,0.6362209375119885,69,11579.0
880.0,64,3671.0,44.2289156626506,1.6919107599818402,21,2965.0,0.014031101415371646,11,1108.0,0.07345686585586879,31,7407.0,0.0,1,2.0,0.46475273345770024,64,11482.0
885.0,61,3850.0,48.125,1.8000171632471893,20,3056.0,0.03731653615157042,8,1153.0,0.09495951221250667,31,7564.0,0.05490003546186304,2,8.0,0.002114988281510944,61,11781.0
890.0,59,4041.0,52.48051948051948,1.4320553581075097,21,3158.0,0.0029985554526899307,7,1192.0,0.1410720579673127,31,7719.0,0.08351079073878044,0,4.0,0.3631827091882034,59,12073.0
895.0,63,4300.0,57.333333333333336,1.2536164888694077,23,3269.0,5.008080599773106e-06,9,1230.0,0.1305393991020671,31,7872.0,0.029089881168185658,0,0.0,1.0,63,12371.0
900.0,60,4072.0,53.578947368421055,1.3372122443158694,19,3333.0,0.01116247460632903,13,1288.0,0.08771335964226579,28,7758.0,0.010199801551034266,0,0.0,1.0,60,12379.0
905.0,57,3568.0,48.87671232876713,1.8219325216534783,19,3414.0,0.0,15,1359.0,0.05902898930032457,23,7400.0,0.08954540309915908,0,2.0,0.8616255505164353,57,12175.0
910.0,52,2976.0,40.76712328767123,2.2486713407134005,16,3189.0,0.06751169358265985,16,1438.0,0.05656161397467226,20,7506.0,0.13675604392415716,0,3.0,0.9355748495804193,52,12136.0
915.0,46,2072.0,28.0,2.112620942713718,11,2944.0,0.1542042310828293,16,1520.0,0.053969953872615134,18,7600.0,0.07912802847705072,1,4.0,0.5534993395259284,46,12068.0
920.0,50,1725.0,23.0,1.8532903411285118,10,2995.0,0.14801318143292644,18,1609.0,0.03319074299330732,19,7692.0,0.038019602195879146,3,12.0,0.0011056746382973896,50,12308.0
925.0,56,1697.0,22.626666666666665,1.1802030329112434,11,3044.0,0.08982764741419483,19,1700.0,0.04599347003490161,23,7801.0,0.021518395215550094,3,27.0,3.0127986430904488e-06,56,12572.0
930.0,57,1628.0,22.301369863013697,0.5707047879463183,12,3098.0,0.06517379902696982,16,1590.0,0.065515296706966,26,7925.0,0.004202750188239887,3,42.0,0.0,57,12655.0
935.0,58,1689.0,22.223684210526315,1.228993154710832,14,3157.0,0.07838815660598361,11,1310.0,0.13420961275022691,30,8069.0,0.000678350119093463,3,57.0,0.0,58,12593.0
940.0,59,1817.0,23.294871794871796,1.7860421953394707,17,3224.0,0.04897583096521477,8,1187.0,0.16633012910977096,31,8225.0,0.07771504489550882,3,72.0,0.0,59,12708.0
945.0,57,1845.0,23.961038961038962,1.5969516735416638,19,3316.0,0.0036954442559278427,7,1224.0,0.19932700603144554,31,8380.0,0.07774522799728963,0,51.0,0.14008931103033181,57,12971.0
950.0,55,1945.0,25.25974025974026,1.5603909845169939,16,2751.0,0.06011360408228959,7,1235.0,0.21458215947862727,32,8538.0,0.010528482477577672,0,0.0,1.0,55,12524.0
955.0,55,2081.0,26.67948717948718,1.8379382883800424,10,2806.0,0.1007301151674917,11,1274.0,0.14747777443043433,34,8706.0,1.6904058414052112e-05,0,2.0,0.883230518096069,55,12788.0
960.0,53,2225.0,28.525641025641026,1.8371780704033098,9,2853.0,0.13916374292462463,13,1334.0,0.06949138882078393,31,8860.0,0.03862335596032998,0,2.0,0.851642669780587,53,13049.0
965.0,57,2403.0,31.61842105263158,1.6012392727273521,9,2896.0,0.0946981138727544,17,1414.0,0.012704820161264594,31,9000.0,0.029017371126026332,0,0.0,0.730615438362123,57,13310.0
970.0,54,2453.0,32.276315789473685,1.707000166619917,10,2943.0,0.057549739556325315,16,1494.0,0.01625094524149549,28,8856.0,0.006572061872982181,0,0.0,1.0,54,13293.0
975.0,54,2446.0,32.18421052631579,2.0763137028514,15,3009.0,0.014022404836173313,16,1571.0,0.057729303036938746,23,8465.0,0.033058228024686685,0,4.0,0.8186562485550737,54,13049.0
980.0,48,2355.0,32.26027397260274,1.9173551803552844,15,3072.0,0.01467952828140515,13,1461.0,0.07515842571072097,20,8571.0,0.04928566971747323,0,4.0,0.9035475641989035,48,13108.0
985.0,47,2207.0,31.08450704225352,1.6525036130415665,19,3157.0,0.0002569934598455622,8,1177.0,0.07921716671630409,19,8670.0,0.09603030681876548,1,3.0,0.32964420411694406,47,13007.0
990.0,43,2042.0,28.36111111111111,2.0590037213313916,16,2907.0,0.01748021164487326,5,1208.0,0.16111377341601335,19,8760.0,0.09454787894476055,3,14.0,9.90222147402761e-05,43,12889.0
995.0,35,1522.0,20.84931506849315,2.615864272658559,11,2437.0,0.14160934668357747,5,1236.0,0.2030556620486355,19,8366.0,0.10371100333469423,0,13.0,0.44497236776776156,35,12052.0
1000.0,35,895.0,12.430555555555555,3.636002162402962,7,1767.0,0.3573506597506422,8,1267.0,0.13704437412251574,20,7481.0,0.16993821097366832,0,0.0,0.8752629786565974,35,10515.0
1005.0,32,373.0,5.04054054054054,3.734979616556421,3,1789.0,0.4197491232729489,11,1315.0,0.007314335833707,18,7071.0,0.15179169999502148,0,0.0,0.9365585627308866,32,10175.0
1010.0,41,510.0,7.083333333333333,2.827116309441625,3,1802.0,0.30172197661445876,14,1379.0,0.06900359291606549,24,7175.0,0.07172721180443427,0,0.0,0.9281238926224051,41,10356.0
1015.0,52,750.0,10.273972602739725,1.8080347129991299,7,1830.0,0.13528230993393867,16,1453.0,0.012439690733742723,29,7313.0,0.03374947298733914,0,0.0,0.7401626503876384,52,10596.0
1020.0,58,993.0,13.41891891891892,1.3523956165974087,7,1629.0,0.12973429996210803,18,1540.0,0.048779366316580565,32,7470.0,0.0694943497182956,1,3.0,0.000366005653224576,58,10642.0
1025.0,54,1126.0,15.216216216216216,1.723833191671374,6,1239.0,0.14718610880550573,15,1428.0,0.0688028828081476,32,7630.0,0.07977526994876478,1,8.0,0.0,54,10305.0
